n,mean,std_error
1,0.51,0.098
5,0.526,0.039
10,0.544,0.025
25,0.5552,0.018
50,0.5202,0.016
75,0.53808,0.016
90,0.50365,0.017
100,0.3269,0.019
104,0.16237,0.006
