n,mean,std_error
1,0.96,0.038
5,0.956,0.018
10,0.954,0.013
25,0.9512,0.008
50,0.948,0.006
75,0.93967,0.005
100,0.9341,0.007
125,0.91008,0.011
140,0.77454,0.022
145,0.61676,0.026
149,0.329,0.0
